,id,belongs_to_collection,budget,genres,homepage,imdb_id,original_language,original_title,overview,popularity,poster_path,production_companies,production_countries,release_date,runtime,spoken_languages,status,tagline,title,Keywords,cast,crew,revenue
390,391,,6843500,"[{'id': 35, 'name': 'Comedy'}]",,tt2550838,it,Il peggior Natale della mia vita,,3.8000730000000003,/jflOmKG2sBVzxS36YtDQZQAGUBr.jpg,"[{'name': 'Colorado Film Production', 'id': 10975}]","[{'iso_3166_1': 'IT', 'name': 'Italy'}]",12/22/12,0.0,"[{'iso_639_1': 'it', 'name': 'Italiano'}]",Released,,The Worst Christmas of My Life,,"[{'cast_id': 2, 'character': 'Alberto', 'credit_id': '52fe4bb79251416c7510bc7d', 'gender': 2, 'id': 55912, 'name': 'Diego Abatantuono', 'order': 0, 'profile_path': '/kKihAlP104AJ0zshWfET2gGt4fA.jpg'}, {'cast_id': 3, 'character': 'Benedetta', 'credit_id': '52fe4bb79251416c7510bc81', 'gender': 0, 'id': 88081, 'name': 'Laura Chiatti', 'order': 1, 'profile_path': '/83WW4ZPkkEsCWEuug9viUUZ2wHQ.jpg'}, {'cast_id': 4, 'character': 'Paolo', 'credit_id': '52fe4bb79251416c7510bc85', 'gender': 2, 'id': 78535, 'name': 'Fabio De Luigi', 'order': 2, 'profile_path': '/xM0gH4TXyhBwItOQsnqiOUzyhZG.jpg'}, {'cast_id': 5, 'character': 'Margherita', 'credit_id': '52fe4bb79251416c7510bc89', 'gender': 1, 'id': 78533, 'name': 'Cristiana Capotondi', 'order': 3, 'profile_path': '/vG5mtM8VxPk7ESTIjg5Q429oxTa.jpg'}, {'cast_id': 6, 'character': 'Giorgio', 'credit_id': '52fe4bb79251416c7510bc8d', 'gender': 2, 'id': 7542, 'name': 'Antonio Catania', 'order': 4, 'profile_path': '/v37iYgXfWEgbAD3544stGjjF8on.jpg'}, {'cast_id': 7, 'character': 'Clara', 'credit_id': '52fe4bb79251416c7510bc91', 'gender': 0, 'id': 225301, 'name': 'Anna Bonaiuto', 'order': 5, 'profile_path': '/yp4iL38XyshPUpnqlMQ9Dlpabp2.jpg'}, {'cast_id': 8, 'character': 'Dino', 'credit_id': '52fe4bb79251416c7510bc95', 'gender': 0, 'id': 1126722, 'name': 'Andrea Mingardi', 'order': 6, 'profile_path': '/zIoqLA8IpkCy7BGwOUXit69TO0c.jpg'}, {'cast_id': 9, 'character': 'Rachele', 'credit_id': '52fe4bb79251416c7510bc99', 'gender': 0, 'id': 1287724, 'name': 'Rachele Amenta', 'order': 7, 'profile_path': None}, {'cast_id': 10, 'character': 'Pino', 'credit_id': '52fe4bb79251416c7510bc9d', 'gender': 2, 'id': 120129, 'name': 'Dino Abbrescia', 'order': 8, 'profile_path': '/yQGGqXQeLgps4z5qGm5wlzK4rql.jpg'}]","[{'credit_id': '52fe4bb79251416c7510bc79', 'department': 'Directing', 'gender': 0, 'id': 129106, 'job': 'Director', 'name': 'Alessandro Genovesi', 'profile_path': '/5aOL3EjEbx7RnK0Ebwh0Yjv2gaG.jpg'}]",10703234
591,592,,0,"[{'id': 18, 'name': 'Drama'}, {'id': 35, 'name': 'Comedy'}]",,tt0768690,ru,А поутру они проснулись,,0.402368,/xiRrq1elN5O0WaDX19nFc9MxeDl.jpg,"[{'name': 'Роскинопрокат', 'id': 14650}, {'name': 'Флагман-Трейд', 'id': 14651}]","[{'iso_3166_1': 'RU', 'name': 'Russia'}]",12/4/03,0.0,"[{'iso_639_1': 'ru', 'name': 'Pусский'}]",Released,,А поутру они проснулись,"[{'id': 4897, 'name': 'multiple character'}, {'id': 9887, 'name': 'surrealism'}, {'id': 11461, 'name': 'hangover'}, {'id': 14598, 'name': 'vodka'}]","[{'cast_id': 8, 'character': '', 'credit_id': '52fe4d449251416c91110417', 'gender': 2, 'id': 81000, 'name': 'Sergey Garmash', 'order': 0, 'profile_path': '/2vTW988b4cYbgKjRjkUw5IywVqb.jpg'}, {'cast_id': 9, 'character': '', 'credit_id': '52fe4d449251416c9111041b', 'gender': 0, 'id': 1176984, 'name': '–ò–≥–æ—Ä—å –ë–æ—á–∫–∏–Ω', 'order': 1, 'profile_path': None}, {'cast_id': 10, 'character': '', 'credit_id': '52fe4d449251416c9111041f', 'gender': 2, 'id': 124757, 'name': 'Sergey Nikonenko', 'order': 2, 'profile_path': '/yRrXM73gEINkYr1EclFeIv2mY2Z.jpg'}, {'cast_id': 17, 'character': '', 'credit_id': '5514c1319251412cec001e59', 'gender': 0, 'id': 1118279, 'name': 'Vasiliy Mishchenko', 'order': 3, 'profile_path': '/2H3ANK3v0IAeqn4PzuepBlxr2qn.jpg'}, {'cast_id': 12, 'character': '', 'credit_id': '52fe4d449251416c91110427', 'gender': 0, 'id': 1176986, 'name': '–ï–≤–≥–µ–Ω–∏–π –°—Ç—ã—á–∫–∏–Ω', 'order': 4, 'profile_path': None}, {'cast_id': 13, 'character': '', 'credit_id': '52fe4d449251416c9111042b', 'gender': 0, 'id': 1176987, 'name': '–í–ª–∞–¥–∏–º–∏—Ä –ë–æ–ª—å—à–æ–≤', 'order': 5, 'profile_path': None}, {'cast_id': 14, 'character': '', 'credit_id': '52fe4d449251416c9111042f', 'gender': 0, 'id': 1176988, 'name': '–ò–≥–æ—Ä—å –•—Ä–∏—Å—Ç–µ–Ω–∫–æ', 'order': 6, 'profile_path': None}, {'cast_id': 15, 'character': '', 'credit_id': '52fe4d449251416c91110433', 'gender': 2, 'id': 96517, 'name': 'Boris Shcherbakov', 'order': 7, 'profile_path': '/ueInzHJkrBGJrSIEdxCscPJk9C4.jpg'}]","[{'credit_id': '52fe4d449251416c911103f5', 'department': 'Directing', 'gender': 2, 'id': 124757, 'job': 'Director', 'name': 'Sergey Nikonenko', 'profile_path': '/yRrXM73gEINkYr1EclFeIv2mY2Z.jpg'}, {'credit_id': '52fe4d449251416c911103fb', 'department': 'Writing', 'gender': 2, 'id': 124757, 'job': 'Writer', 'name': 'Sergey Nikonenko', 'profile_path': '/yRrXM73gEINkYr1EclFeIv2mY2Z.jpg'}, {'credit_id': '52fe4d449251416c91110401', 'department': 'Writing', 'gender': 0, 'id': 562603, 'job': 'Writer', 'name': 'Vasiliy Shukshin', 'profile_path': '/3Sx1VGqu9lhvA02UUf18O2jmUKu.jpg'}, {'credit_id': '52fe4d449251416c91110407', 'department': 'Writing', 'gender': 0, 'id': 1176981, 'job': 'Writer', 'name': 'Yuriy Berdnikov', 'profile_path': '/aXNsrugo6b4wn4NHQkrYjIGJ06H.jpg'}, {'credit_id': '52fe4d449251416c9111040d', 'department': 'Camera', 'gender': 0, 'id': 1176982, 'job': 'Director of Photography', 'name': '–ê–ª–µ–∫—Å–∞–Ω–¥—Ä –ü—É—à–∫–∏–Ω', 'profile_path': None}, {'credit_id': '52fe4d449251416c91110413', 'department': 'Crew', 'gender': 0, 'id': 1176983, 'job': 'Compositors', 'name': '–ê–ª–µ–∫—Å–∞–Ω–¥—Ä –®–µ–≤—Ü–æ–≤', 'profile_path': None}]",234748
924,925,,0,"[{'id': 35, 'name': 'Comedy'}]",,tt2604346,es,¿Quién mató a Bambi?,"It tells the story of two young friends who must find a way for the president of the company in which they work (and father of one of them) safe return home, and that is enclosed strange circumstances naked in the trunk of his car.",1.926826,/i3SGpTQPLJvO7LR0i1ONAqKV3VM.jpg,"[{'name': 'Televisión Española (TVE)', 'id': 6639}, {'name': 'AXN', 'id': 7341}, {'name': 'Televisió de Catalunya (TV3)', 'id': 8530}, {'name': 'Canal+ España', 'id': 9335}, {'name': 'Instituto de la Cinematografía y de las Artes Audiovisuales (ICAA)', 'id': 9974}, {'name': 'Instituto de Crédito Oficial (ICO)', 'id': 11427}, {'name': 'Rodar y Rodar Cine y Televisión', 'id': 11651}, {'name': 'Institut Català de les Empreses Culturals (ICEC)', 'id': 35559}]","[{'iso_3166_1': 'ES', 'name': 'Spain'}]",11/15/13,0.0,"[{'iso_639_1': 'es', 'name': 'Español'}]",Released,,¿Quién mató a Bambi?,"[{'id': 1930, 'name': 'kidnapping'}, {'id': 9714, 'name': 'remake'}, {'id': 10123, 'name': 'dark comedy'}, {'id': 14534, 'name': 'relationship'}, {'id': 14536, 'name': 'crime'}, {'id': 206887, 'name': 'seville'}]","[{'cast_id': 3, 'character': 'David', 'credit_id': '52fe4e31c3a368484e213713', 'gender': 0, 'id': 34018, 'name': 'Quim Guti√©rrez', 'order': 0, 'profile_path': '/bZuPsaQASxuS1vMcxz80kbfCvVw.jpg'}, {'cast_id': 6, 'character': 'Mudo', 'credit_id': '52fe4e31c3a368484e21371f', 'gender': 0, 'id': 34057, 'name': 'Juli√°n Villagr√°n', 'order': 1, 'profile_path': '/kMw3oyE3QjWKc4cpT9SklQRfXgB.jpg'}, {'cast_id': 2, 'character': 'Mati', 'credit_id': '52fe4e31c3a368484e21370f', 'gender': 1, 'id': 224731, 'name': 'Clara Lago', 'order': 2, 'profile_path': '/osnPmIyOkwoKDmKm2pE0tb0qep9.jpg'}, {'cast_id': 4, 'character': 'Paula', 'credit_id': '52fe4e31c3a368484e213717', 'gender': 0, 'id': 1042728, 'name': '√örsula Corber√≥', 'order': 3, 'profile_path': '/oc4QY4MQv5dEZG5lwEo3CqWOyLL.jpg'}, {'cast_id': 28, 'character': 'Gigi', 'credit_id': '55679a1592514156b6000919', 'gender': 0, 'id': 1273962, 'name': 'Enrico Vecchi', 'order': 4, 'profile_path': None}, {'cast_id': 5, 'character': 'Edu', 'credit_id': '52fe4e31c3a368484e21371b', 'gender': 2, 'id': 27459, 'name': 'Ernesto Alterio', 'order': 5, 'profile_path': '/AjJTvctbOJ1Z2sOlOiRP2hrIzmS.jpg'}, {'cast_id': 33, 'character': 'Adelardo', 'credit_id': '55679a79c3a3681c65000a73', 'gender': 0, 'id': 1103794, 'name': 'Joaqu√≠n N√∫√±ez', 'order': 6, 'profile_path': '/qZJWiZMOdKZnuW5yVLkCc8RT2g9.jpg'}, {'cast_id': 32, 'character': 'Tere', 'credit_id': '55679a6ac3a3681c57000a32', 'gender': 0, 'id': 1042750, 'name': 'Carmina Barrios', 'order': 7, 'profile_path': '/fKVW0pgJ8W2ygvgkcsVhxjkKpsm.jpg'}, {'cast_id': 30, 'character': 'Ram√≥n', 'credit_id': '55679a5292514156b9000976', 'gender': 0, 'id': 16868, 'name': 'Jos√© √Ångel Egido', 'order': 8, 'profile_path': '/l3ne3v9m2IeeEGykGZ9zVgPN6we.jpg'}, {'cast_id': 10, 'character': 'Gabi', 'credit_id': '5455f187c3a3683ea000152a', 'gender': 0, 'id': 1202169, 'name': 'Bel√©n Ponce de Le√≥n', 'order': 9, 'profile_path': '/nPblHphdbdqWgqhvErvNbtzabUN.jpg'}, {'cast_id': 11, 'character': 'Mayordomo', 'credit_id': '5455f1970e0a2648c2006b6d', 'gender': 0, 'id': 1042754, 'name': 'Antonio Estrada', 'order': 10, 'profile_path': None}, {'cast_id': 29, 'character': 'Larrea', 'credit_id': '55679a3992514156c200096b', 'gender': 0, 'id': 587098, 'name': 'Pedro Mari S√°nchez', 'order': 11, 'profile_path': None}, {'cast_id': 39, 'character': 'Bambi', 'credit_id': '55679ae9c3a3681c6b000a16', 'gender': 2, 'id': 1324222, 'name': 'Paco Moreno', 'order': 12, 'profile_path': '/dnp5N3WQtG6qQAfqVOSR6DKGlN0.jpg'}, {'cast_id': 31, 'character': '', 'credit_id': '55679a609251417bc40001c8', 'gender': 0, 'id': 1077947, 'name': 'Sebasti√°n Haro', 'order': 13, 'profile_path': None}, {'cast_id': 34, 'character': '', 'credit_id': '55679ab3c3a3681c74000a2e', 'gender': 0, 'id': 592709, 'name': 'Manolo Solo', 'order': 14, 'profile_path': '/k4KuEvxJ4VQwSWqCSF4eNQbR8rm.jpg'}, {'cast_id': 35, 'character': '', 'credit_id': '55679ac392514156b6000928', 'gender': 0, 'id': 1365774, 'name': 'Juan Carlos S√°nchez', 'order': 15, 'profile_path': None}, {'cast_id': 36, 'character': '', 'credit_id': '55679ad392514156bb000aa1', 'gender': 2, 'id': 84773, 'name': 'Jos√© Chaves', 'order': 16, 'profile_path': None}, {'cast_id': 37, 'character': '', 'credit_id': '55679ad892514156b900097f', 'gender': 0, 'id': 544717, 'name': 'Pablo Baena', 'order': 17, 'profile_path': None}, {'cast_id': 38, 'character': '', 'credit_id': '55679ade92514156b3000999', 'gender': 0, 'id': 1344849, 'name': 'Juan Motilla', 'order': 18, 'profile_path': None}, {'cast_id': 40, 'character': '', 'credit_id': '55679af592514156bb000aa5', 'gender': 1, 'id': 1042760, 'name': 'Mari Paz Sayago', 'order': 19, 'profile_path': '/4m9VduGGm8L9xBMRuCSCFJBsxWB.jpg'}, {'cast_id': 41, 'character': '', 'credit_id': '55679b09c3a3681c57000a3f', 'gender': 2, 'id': 1328982, 'name': 'Andr√©s Iniesta', 'order': 20, 'profile_path': None}]","[{'credit_id': '52fe4e31c3a368484e21370b', 'department': 'Directing', 'gender': 0, 'id': 562915, 'job': 'Director', 'name': 'Santi Amodeo', 'profile_path': None}, {'credit_id': '5567982692514156b60008e5', 'department': 'Writing', 'gender': 0, 'id': 562915, 'job': 'Screenplay', 'name': 'Santi Amodeo', 'profile_path': None}, {'credit_id': '55679872c3a3681c57000a04', 'department': 'Writing', 'gender': 0, 'id': 76856, 'job': 'Original Story', 'name': 'Kristoff', 'profile_path': None}, {'credit_id': '5567988792514156be000915', 'department': 'Writing', 'gender': 2, 'id': 76855, 'job': 'Original Story', 'name': 'Tony Dalton', 'profile_path': '/pCzLBmRVd4ry6jAcOdfSGBpyjfJ.jpg'}, {'credit_id': '55679891c3a3681c65000a45', 'department': 'Writing', 'gender': 2, 'id': 76817, 'job': 'Original Story', 'name': 'Alejandro Lozano', 'profile_path': None}, {'credit_id': '556798a8c3a3681c740009f4', 'department': 'Production', 'gender': 0, 'id': 1121989, 'job': 'Producer', 'name': 'Joaqu√≠n Padr√≥', 'profile_path': None}, {'credit_id': '556798b7c3a3681c57000a0c', 'department': 'Production', 'gender': 0, 'id': 51896, 'job': 'Producer', 'name': 'Mar Targarona', 'profile_path': None}, {'credit_id': '556798c49251417bc40001a4', 'department': 'Sound', 'gender': 0, 'id': 562915, 'job': 'Original Music Composer', 'name': 'Santi Amodeo', 'profile_path': None}, {'credit_id': '556798cfc3a3681c6b0009e6', 'department': 'Sound', 'gender': 0, 'id': 1471530, 'job': 'Original Music Composer', 'name': 'Enrique De Justo', 'profile_path': None}, {'credit_id': '556798e2c3a3681c60000a37', 'department': 'Camera', 'gender': 0, 'id': 6528, 'job': 'Director of Photography', 'name': 'Alex Catal√°n', 'profile_path': None}, {'credit_id': '556798e992514156be00091c', 'department': 'Editing', 'gender': 0, 'id': 1205159, 'job': 'Editor', 'name': 'Joan Manel Vilaseca', 'profile_path': None}, {'credit_id': '556798fa92514156c700097e', 'department': 'Art', 'gender': 0, 'id': 1467032, 'job': 'Art Direction', 'name': 'Pepe Dom√≠nguez del Olmo', 'profile_path': None}, {'credit_id': '55679903c3a3681c74000a06', 'department': 'Production', 'gender': 0, 'id': 1324224, 'job': 'Casting', 'name': 'Andr√©s Cuenca', 'profile_path': None}, {'credit_id': '5567990bc3a3681c57000a13', 'department': 'Production', 'gender': 0, 'id': 1324225, 'job': 'Casting', 'name': 'Tonucha Vidal', 'profile_path': None}, {'credit_id': '556799a692514156bb000a8c', 'department': 'Directing', 'gender': 0, 'id': 1149058, 'job': 'Script Supervisor', 'name': 'Paco R. Ba√±os', 'profile_path': None}]",850259
977,978,,11000000,"[{'id': 35, 'name': 'Comedy'}]",,tt2076251,it,La peggior settimana della mia vita,,5.010562999999999,/1DWGUBXRhXrKgLsV6zppldD9bRn.jpg,"[{'name': 'Colorado Film Production', 'id': 10975}, {'name': ""Film Commission Regione Valle d'Aosta"", 'id': 32837}]","[{'iso_3166_1': 'IT', 'name': 'Italy'}]",10/27/11,0.0,"[{'iso_639_1': 'it', 'name': 'Italiano'}]",Released,,La peggior settimana della mia vita,,"[{'cast_id': 4, 'character': 'Paolo', 'credit_id': '52fe4984c3a368484e12f92f', 'gender': 2, 'id': 78535, 'name': 'Fabio De Luigi', 'order': 0, 'profile_path': '/xM0gH4TXyhBwItOQsnqiOUzyhZG.jpg'}, {'cast_id': 2, 'character': 'Margherita', 'credit_id': '52fe4984c3a368484e12f927', 'gender': 1, 'id': 78533, 'name': 'Cristiana Capotondi', 'order': 1, 'profile_path': '/vG5mtM8VxPk7ESTIjg5Q429oxTa.jpg'}, {'cast_id': 6, 'character': 'Clara', 'credit_id': '52fe4984c3a368484e12f937', 'gender': 1, 'id': 78680, 'name': 'Monica Guerritore', 'order': 2, 'profile_path': '/c97jKlmIwcHgCkL4E4uh8ctEqzg.jpg'}, {'cast_id': 7, 'character': 'Giorgio', 'credit_id': '52fe4984c3a368484e12f93b', 'gender': 2, 'id': 7542, 'name': 'Antonio Catania', 'order': 3, 'profile_path': '/v37iYgXfWEgbAD3544stGjjF8on.jpg'}, {'cast_id': 9, 'character': 'Ginevra', 'credit_id': '52fe4984c3a368484e12f943', 'gender': 1, 'id': 1145012, 'name': 'Nadir Caselli', 'order': 4, 'profile_path': '/bRRmnPZmZU1YI2zMvk9w0aJCdYD.jpg'}, {'cast_id': 3, 'character': 'Martina', 'credit_id': '52fe4984c3a368484e12f92b', 'gender': 1, 'id': 582902, 'name': 'Arisa', 'order': 5, 'profile_path': '/hiDo41MbOvbX25P3j2qDItnQP14.jpg'}, {'cast_id': 8, 'character': 'Simona', 'credit_id': '52fe4984c3a368484e12f93f', 'gender': 1, 'id': 223621, 'name': 'Chiara Francini', 'order': 6, 'profile_path': '/qRZ7KZ3tGVxtP6nihfv7MaoDrGE.jpg'}, {'cast_id': 11, 'character': 'La nonna', 'credit_id': '52fe4984c3a368484e12f94b', 'gender': 0, 'id': 243795, 'name': 'Gisella Sofio', 'order': 7, 'profile_path': '/qTrBo06htPWAFtTOfCLlZ3vD7OF.jpg'}, {'cast_id': 5, 'character': 'Ivano', 'credit_id': '52fe4984c3a368484e12f933', 'gender': 0, 'id': 233334, 'name': 'Alessandro Siani', 'order': 8, 'profile_path': '/jJeirY2GvLFGwonTPN4y3WPGjkL.jpg'}, {'cast_id': 10, 'character': 'Dino', 'credit_id': '52fe4984c3a368484e12f947', 'gender': 0, 'id': 1126722, 'name': 'Andrea Mingardi', 'order': 9, 'profile_path': '/zIoqLA8IpkCy7BGwOUXit69TO0c.jpg'}, {'cast_id': 12, 'character': 'Il prete', 'credit_id': '52fe4984c3a368484e12f94f', 'gender': 0, 'id': 129106, 'name': 'Alessandro Genovesi', 'order': 10, 'profile_path': '/5aOL3EjEbx7RnK0Ebwh0Yjv2gaG.jpg'}, {'cast_id': 18, 'character': 'Signore basso', 'credit_id': '52fe4984c3a368484e12f971', 'gender': 0, 'id': 1185221, 'name': 'Luca Altavilla', 'order': 11, 'profile_path': '/oFN4Lf4sZhBlNTbIM4Fm2Q9IAXZ.jpg'}, {'cast_id': 19, 'character': 'Genoveffa', 'credit_id': '52fe4984c3a368484e12f975', 'gender': 0, 'id': 1139380, 'name': 'Federica Fracassi', 'order': 12, 'profile_path': '/ssVAOKz1u5eNnkCXZF6fq2ZzpvV.jpg'}]","[{'credit_id': '52fe4984c3a368484e12f923', 'department': 'Directing', 'gender': 0, 'id': 129106, 'job': 'Director', 'name': 'Alessandro Genovesi', 'profile_path': '/5aOL3EjEbx7RnK0Ebwh0Yjv2gaG.jpg'}, {'credit_id': '52fe4984c3a368484e12f955', 'department': 'Writing', 'gender': 0, 'id': 129106, 'job': 'Screenplay', 'name': 'Alessandro Genovesi', 'profile_path': '/5aOL3EjEbx7RnK0Ebwh0Yjv2gaG.jpg'}, {'credit_id': '52fe4984c3a368484e12f95b', 'department': 'Writing', 'gender': 2, 'id': 78535, 'job': 'Screenplay', 'name': 'Fabio De Luigi', 'profile_path': '/xM0gH4TXyhBwItOQsnqiOUzyhZG.jpg'}, {'credit_id': '52fe4984c3a368484e12f961', 'department': 'Writing', 'gender': 0, 'id': 1145013, 'job': 'Screenplay', 'name': 'Paolo Sansoni', 'profile_path': None}, {'credit_id': '52fe4984c3a368484e12f967', 'department': 'Production', 'gender': 0, 'id': 1118300, 'job': 'Producer', 'name': 'Maurizio Totti', 'profile_path': None}, {'credit_id': '52fe4984c3a368484e12f96d', 'department': 'Production', 'gender': 0, 'id': 1145014, 'job': 'Producer', 'name': 'Alessandro Usai', 'profile_path': None}]",12935800
1255,1256,,0,"[{'id': 37, 'name': 'Western'}]",,tt0072785,it,Cipolla Colt,"Onion Jack (Franco Nero) has bought a piece of land on which to settle, but the property is still in possession of the orphans of the original owner and is coveted by the local oil baron.",1.62344,/6X4gkSpOYW7fBXWtK53i7nfK7ed.jpg,"[{'name': 'Compagnia Cinematografica Champion', 'id': 10000}, {'name': 'CIPI Cinematografica S.A', 'id': 12276}]","[{'iso_3166_1': 'IT', 'name': 'Italy'}, {'iso_3166_1': 'ES', 'name': 'Spain'}, {'iso_3166_1': 'DE', 'name': 'Germany'}]",8/25/75,0.0,"[{'iso_639_1': 'en', 'name': 'English'}]",Released,,"Cry, Onion!","[{'id': 156212, 'name': 'spaghetti western'}]","[{'cast_id': 14, 'character': 'Onion Stark', 'credit_id': '52fe493a9251416c750c16bf', 'gender': 2, 'id': 22383, 'name': 'Franco Nero', 'order': 0, 'profile_path': '/lwXfTQrFqAw4zcVjrhgq3THfWCg.jpg'}, {'cast_id': 4, 'character': ""Henry 'Jack' Pullitzer"", 'credit_id': '52fe493a9251416c750c169f', 'gender': 2, 'id': 3088, 'name': 'Sterling Hayden', 'order': 1, 'profile_path': '/zFntWs4OdfXszzEauHrMURQJkRD.jpg'}, {'cast_id': 6, 'character': 'Petrus Lamb', 'credit_id': '52fe493a9251416c750c16a3', 'gender': 2, 'id': 1936, 'name': 'Martin Balsam', 'order': 2, 'profile_path': '/3lA1XlW9fsBCDYMMlgmvnHaWmOI.jpg'}, {'cast_id': 8, 'character': 'Sheriff', 'credit_id': '52fe493a9251416c750c16a7', 'gender': 0, 'id': 101113, 'name': 'Leo Anch√≥riz', 'order': 3, 'profile_path': None}, {'cast_id': 9, 'character': ""'Nerone' Foster"", 'credit_id': '52fe493a9251416c750c16ab', 'gender': 0, 'id': 102121, 'name': 'Romano Puppo', 'order': 4, 'profile_path': '/k2ExalQ56vsy6mjNMvGEFyMVnFb.jpg'}, {'cast_id': 10, 'character': 'Obl√≤', 'credit_id': '52fe493a9251416c750c16af', 'gender': 2, 'id': 72662, 'name': 'Nazzareno Zamperla', 'order': 5, 'profile_path': '/2MJm2Oq7yUaIOhKaOyMIxYnvDRQ.jpg'}, {'cast_id': 11, 'character': 'Deputy Sheriff', 'credit_id': '52fe493a9251416c750c16b3', 'gender': 2, 'id': 49430, 'name': 'Helmut Brasch', 'order': 6, 'profile_path': None}, {'cast_id': 12, 'character': ""Cal 'Caligola' Foster"", 'credit_id': '52fe493a9251416c750c16b7', 'gender': 0, 'id': 142137, 'name': 'Duilio Cruciani', 'order': 7, 'profile_path': None}, {'cast_id': 13, 'character': 'Mary Ann', 'credit_id': '52fe493a9251416c750c16bb', 'gender': 1, 'id': 97662, 'name': 'Emma Cohen', 'order': 8, 'profile_path': '/esHfdR610nHnAOobvnM1p88e3fo.jpg'}, {'cast_id': 21, 'character': 'Jeff', 'credit_id': '52fe493a9251416c750c16db', 'gender': 2, 'id': 94783, 'name': 'Dick Butkus', 'order': 9, 'profile_path': '/eF8Bg3YPzJw9DH1B3QlAJfdsZgH.jpg'}, {'cast_id': 22, 'character': 'Deputy Sheriff (uncredited)', 'credit_id': '52fe493a9251416c750c16df', 'gender': 2, 'id': 50739, 'name': 'Enzo G. Castellari', 'order': 10, 'profile_path': '/3M6yGYo7SRpTqXOcXY2WdUiPIbe.jpg'}, {'cast_id': 23, 'character': 'Villain with Sunglasses (uncredited)', 'credit_id': '52fe493a9251416c750c16e3', 'gender': 0, 'id': 5570, 'name': 'David Warbeck', 'order': 11, 'profile_path': '/rzeNaj7kxQfYiFf76FwhSZcrrMv.jpg'}, {'cast_id': 24, 'character': '', 'credit_id': '52fe493a9251416c750c16e7', 'gender': 0, 'id': 100719, 'name': 'Antonio Pica', 'order': 12, 'profile_path': '/rYusMSzk2oFDQYLRIkeOmphLe3b.jpg'}]","[{'credit_id': '52fe493a9251416c750c169b', 'department': 'Directing', 'gender': 2, 'id': 50739, 'job': 'Director', 'name': 'Enzo G. Castellari', 'profile_path': '/3M6yGYo7SRpTqXOcXY2WdUiPIbe.jpg'}, {'credit_id': '52fe493a9251416c750c16c5', 'department': 'Writing', 'gender': 0, 'id': 5810, 'job': 'Screenplay', 'name': 'Luciano Vincenzoni', 'profile_path': None}, {'credit_id': '52fe493a9251416c750c16cb', 'department': 'Writing', 'gender': 0, 'id': 5810, 'job': 'Story', 'name': 'Luciano Vincenzoni', 'profile_path': None}, {'credit_id': '52fe493a9251416c750c16d1', 'department': 'Writing', 'gender': 0, 'id': 5555, 'job': 'Story', 'name': 'Sergio Donati', 'profile_path': None}, {'credit_id': '52fe493a9251416c750c16d7', 'department': 'Writing', 'gender': 0, 'id': 5555, 'job': 'Screenplay', 'name': 'Sergio Donati', 'profile_path': None}]",39598448
1541,1542,,750000,"[{'id': 80, 'name': 'Crime'}, {'id': 35, 'name': 'Comedy'}]",,tt3805180,ru,Все и сразу,,0.20158199999999998,/hNsmPpl3zLG36jr4EIEd5P8I4pa.jpg,"[{'name': 'Кинокомпания «Lunapark»', 'id': 42096}, {'name': 'Инвада фильм', 'id': 42097}]","[{'iso_3166_1': 'RU', 'name': 'Russia'}]",6/5/14,0.0,"[{'iso_639_1': 'ru', 'name': 'Pусский'}]",Released,,All at Once,"[{'id': 642, 'name': 'robbery'}, {'id': 231149, 'name': 'mob'}]","[{'cast_id': 3, 'character': 'Viktor', 'credit_id': '53b7a7ff0e0a2676c700701a', 'gender': 0, 'id': 1337734, 'name': 'Andrey Muravyov', 'order': 1, 'profile_path': None}, {'cast_id': 4, 'character': 'Motya', 'credit_id': '53b7a80d0e0a2676bb006c70', 'gender': 1, 'id': 1337735, 'name': 'Yuliya Khlynina', 'order': 2, 'profile_path': '/3gi8ljx02wwRkoPRN8RQmAhXssX.jpg'}, {'cast_id': 5, 'character': '', 'credit_id': '53b7a8180e0a2676bf006c4c', 'gender': 2, 'id': 1337736, 'name': 'Anton Shurtsov', 'order': 3, 'profile_path': '/7h67ANXdSHv7MQ0MPtxWAWghNCy.jpg'}, {'cast_id': 6, 'character': '', 'credit_id': '53b7a8220e0a2676c4006ceb', 'gender': 0, 'id': 1337737, 'name': 'Aleksandr Pal', 'order': 4, 'profile_path': '/inJurOFmtgC7CR48SjD2eYXWpIW.jpg'}, {'cast_id': 7, 'character': '', 'credit_id': '53b7a82d0e0a2676c7007023', 'gender': 0, 'id': 1337738, 'name': 'Nikita Ost', 'order': 5, 'profile_path': None}, {'cast_id': 8, 'character': '', 'credit_id': '53b7a8380e0a2676b8006acd', 'gender': 0, 'id': 1337739, 'name': 'Artyom Katsov', 'order': 6, 'profile_path': None}, {'cast_id': 9, 'character': 'Maksim', 'credit_id': '53b7a8450e0a2676c7007029', 'gender': 0, 'id': 1337740, 'name': 'Ivan Zhvakin', 'order': 7, 'profile_path': None}, {'cast_id': 10, 'character': 'Grisha', 'credit_id': '53b7a8540e0a2676cb006bff', 'gender': 0, 'id': 1337741, 'name': 'Aleksandr Shalyapin', 'order': 8, 'profile_path': None}, {'cast_id': 11, 'character': '', 'credit_id': '53b7a8620e0a2676cb006c03', 'gender': 0, 'id': 555748, 'name': 'Natalya Khodus', 'order': 9, 'profile_path': None}, {'cast_id': 12, 'character': '', 'credit_id': '53b7a86c0e0a2676cf006c18', 'gender': 0, 'id': 1337742, 'name': 'Rostislav Gulbis', 'order': 10, 'profile_path': None}]","[{'credit_id': '53b7a7b90e0a2676b8006ab6', 'department': 'Directing', 'gender': 0, 'id': 225680, 'job': 'Director', 'name': 'Roman Karimov', 'profile_path': None}, {'credit_id': '53b7a7cb0e0a2676c4006cde', 'department': 'Writing', 'gender': 0, 'id': 225680, 'job': 'Writer', 'name': 'Roman Karimov', 'profile_path': None}, {'credit_id': '53b7a7dc0e0a2676d3006b80', 'department': 'Writing', 'gender': 0, 'id': 1337733, 'job': 'Writer', 'name': 'Roman Uglevatyy', 'profile_path': None}]",3
1874,1875,,0,"[{'id': 80, 'name': 'Crime'}, {'id': 18, 'name': 'Drama'}, {'id': 53, 'name': 'Thriller'}]",http://www.vt4.be/vermist,tt1133617,en,Vermist,"Five members of the Missing Persons Task Force investigate the mysterious disappearance of 17-year-old Evi. While unraveling the girl's troubled relationship with her parents, which leaves her father as one of the prime suspects, they discover that her life had recently taken a bizarre turn, with the teenager seen at several sex parties, receiving expensive gifts from a shadowy new friend. Was Evi the victim of a pimp, or did her father discover his daughter's double life and lose control?",0.229233,/kWbiNRAPLu5q065r0thIFdmQOBv.jpg,,"[{'iso_3166_1': 'BE', 'name': 'Belgium'}]",1/1/07,0.0,"[{'iso_639_1': 'nl', 'name': 'Nederlands'}]",Released,,Missing,,"[{'cast_id': 2, 'character': 'Murat Hoxha', 'credit_id': '52fe4838c3a36847f815cef5', 'gender': 0, 'id': 146324, 'name': 'Cem Akkanat', 'order': 0, 'profile_path': None}, {'cast_id': 3, 'character': 'David de Laet', 'credit_id': '52fe4838c3a36847f815cef9', 'gender': 0, 'id': 146325, 'name': 'Steven Boen', 'order': 1, 'profile_path': None}, {'cast_id': 4, 'character': 'Milan De Prins', 'credit_id': '52fe4838c3a36847f815cefd', 'gender': 0, 'id': 146326, 'name': 'Thomas Cammaert', 'order': 2, 'profile_path': '/tU3ai5njsupHungxPHKyvBGKSV5.jpg'}, {'cast_id': 5, 'character': 'Walter Sibelius', 'credit_id': '52fe4838c3a36847f815cf01', 'gender': 2, 'id': 82420, 'name': 'Koen De Bouw', 'order': 3, 'profile_path': '/p3w4fjB1fQ1ZvVlSNRQwiE0uTd7.jpg'}, {'cast_id': 6, 'character': 'Tine Peeters', 'credit_id': '52fe4838c3a36847f815cf05', 'gender': 1, 'id': 65476, 'name': 'Joke Devynck', 'order': 4, 'profile_path': '/UzmIIeAkuf5q8ikGkJGcZkI9ly.jpg'}, {'cast_id': 7, 'character': 'Mevrouw Van Hecke', 'credit_id': '52fe4838c3a36847f815cf09', 'gender': 0, 'id': 146327, 'name': 'Monika Dumon', 'order': 5, 'profile_path': None}]","[{'credit_id': '52fe4838c3a36847f815cef1', 'department': 'Directing', 'gender': 2, 'id': 65470, 'job': 'Director', 'name': 'Jan Verheyen', 'profile_path': '/4xSpd5LlRfbhletAcPc3mkbbfpf.jpg'}]",1
2150,2151,,5000000,"[{'id': 28, 'name': 'Action'}, {'id': 10749, 'name': 'Romance'}, {'id': 53, 'name': 'Thriller'}, {'id': 878, 'name': 'Science Fiction'}]",,tt0477337,ru,Mechenosets,,0.414793,/be78nAT5VLN2ETLeqAhBkjVScn5.jpg,"[{'name': 'Kinokompaniya CTB', 'id': 886}]","[{'iso_3166_1': 'RU', 'name': 'Russia'}]",10/12/06,0.0,"[{'iso_639_1': 'ru', 'name': 'Pусский'}]",Released,,Mechenosets,,"[{'cast_id': 2, 'character': 'Sasha', 'credit_id': '52fe46bec3a368484e0a14fb', 'gender': 0, 'id': 235993, 'name': 'Artyom Tkachenko', 'order': 0, 'profile_path': '/shR163acqHF1ACaZTpa4LFC4Has.jpg'}, {'cast_id': 3, 'character': 'Katya', 'credit_id': '52fe46bec3a368484e0a14ff', 'gender': 1, 'id': 4793, 'name': 'Chulpan Khamatova', 'order': 1, 'profile_path': '/5bH3nmaZuHhQ0M1VIx4NfoUXZUA.jpg'}, {'cast_id': 4, 'character': 'Roshchin', 'credit_id': '52fe46bec3a368484e0a1503', 'gender': 0, 'id': 113331, 'name': 'Leonid Gromov', 'order': 2, 'profile_path': '/d8FFNPw1vSJU2MwZrmdV0WS3UR.jpg'}, {'cast_id': 5, 'character': 'Le p√®re', 'credit_id': '52fe46bec3a368484e0a1507', 'gender': 2, 'id': 39792, 'name': 'Aleksei Zharkov', 'order': 3, 'profile_path': '/fVsugSmWdU1dVDG7f3C7QFYhc1T.jpg'}]","[{'credit_id': '52fe46bec3a368484e0a14f7', 'department': 'Directing', 'gender': 0, 'id': 55516, 'job': 'Director', 'name': 'Filipp Yankovsky', 'profile_path': '/ndnNswgYS653HVGT6upNL9t43YU.jpg'}, {'credit_id': '56f57b36c3a3686a59000146', 'department': 'Writing', 'gender': 0, 'id': 1596107, 'job': 'Writer', 'name': 'Konstantin Syngaevsky', 'profile_path': None}, {'credit_id': '56f57b7492514155fb000170', 'department': 'Writing', 'gender': 0, 'id': 1596108, 'job': 'Writer', 'name': 'Evgeny Danilenko', 'profile_path': None}, {'credit_id': '56f57b9fc3a3686a6b00019f', 'department': 'Production', 'gender': 0, 'id': 1596109, 'job': 'Producer', 'name': 'Sergey Dolgoshein', 'profile_path': None}, {'credit_id': '56f57bd892514155f5000151', 'department': 'Production', 'gender': 0, 'id': 7592, 'job': 'Producer', 'name': 'Sergey Selyanov', 'profile_path': '/rQeI7nfPQL2i9iK32j1IgZZ07ZZ.jpg'}, {'credit_id': '56f57bf992514155fe00013b', 'department': 'Camera', 'gender': 0, 'id': 1596110, 'job': 'Director of Photography', 'name': 'Marat Adelshin', 'profile_path': None}, {'credit_id': '56f57c3fc3a3686a5900016e', 'department': 'Sound', 'gender': 0, 'id': 1596111, 'job': 'Music', 'name': 'Igor Vdovin', 'profile_path': None}]",3919731
2498,2499,"[{'id': 106790, 'name': 'Hooked Collection', 'poster_path': '/u1V1AIezEiPUvSJNsLieNX2vGMv.jpg', 'backdrop_path': '/jBmf0mzo9XIJnYx4KQAEwlNmFgd.jpg'}]",3500000,"[{'id': 28, 'name': 'Action'}, {'id': 878, 'name': 'Science Fiction'}]",,tt1620549,ru,Na Igre 2. Novyy Uroven,"The continuation of the adventures of the heroes of ""Hooked on the Game"".",0.8842409999999999,/vtiqEEw0GH5OiKytLvF81lnMN3w.jpg,,"[{'iso_3166_1': 'RU', 'name': 'Russia'}]",4/15/10,0.0,"[{'iso_639_1': 'ru', 'name': 'Pусский'}]",Released,,Hooked on the Game 2. The Next Level,,"[{'cast_id': 10, 'character': 'Vampire', 'credit_id': '52fe46759251416c910552a9', 'gender': 0, 'id': 118329, 'name': 'Sergey Chirkov', 'order': 0, 'profile_path': '/pIItQWZ6TJKsFvrQKvYbSRKUzQR.jpg'}, {'cast_id': 12, 'character': 'Doc', 'credit_id': '52fe46759251416c910552b1', 'gender': 0, 'id': 118331, 'name': 'Pavel Priluchnyy', 'order': 1, 'profile_path': '/hrZhJb3wL7KRvIC4e1xFTpXWn9l.jpg'}, {'cast_id': 17, 'character': 'Lena', 'credit_id': '52fe46759251416c910552c5', 'gender': 0, 'id': 118336, 'name': 'Agniya Ditkovskite', 'order': 2, 'profile_path': '/iByYdJKLxwgPsDT3EjGU2NPopqt.jpg'}, {'cast_id': 18, 'character': 'Boris Sergeevich', 'credit_id': '52fe46769251416c910552c9', 'gender': 2, 'id': 29832, 'name': 'Viktor Verzhbitskiy', 'order': 3, 'profile_path': '/ynuK5kGoD5m8EvLBxvyRfGTGNnG.jpg'}, {'cast_id': 20, 'character': 'Sergei Zaritsyn', 'credit_id': '52fe46769251416c910552d1', 'gender': 2, 'id': 118338, 'name': 'Igor Sklyar', 'order': 4, 'profile_path': '/atpeVudJr8Nw6C79mNn2yxzEsLo.jpg'}, {'cast_id': 23, 'character': 'Pokrovsky', 'credit_id': '52fe46769251416c910552d9', 'gender': 2, 'id': 115876, 'name': 'Mikhail Gorevoy', 'order': 5, 'profile_path': '/rB3xI1kEqfgiT1xrKSvnelNgxZs.jpg'}, {'cast_id': 11, 'character': 'Rita', 'credit_id': '52fe46759251416c910552ad', 'gender': 0, 'id': 118330, 'name': 'Marina Petrenko', 'order': 6, 'profile_path': None}, {'cast_id': 13, 'character': 'Mosquito', 'credit_id': '52fe46759251416c910552b5', 'gender': 0, 'id': 118332, 'name': 'Evgeniy Kharlanov', 'order': 7, 'profile_path': None}, {'cast_id': 14, 'character': 'Long', 'credit_id': '52fe46759251416c910552b9', 'gender': 0, 'id': 118333, 'name': 'Tikhon Zhiznevskiy', 'order': 8, 'profile_path': None}, {'cast_id': 15, 'character': 'Yan', 'credit_id': '52fe46759251416c910552bd', 'gender': 0, 'id': 118334, 'name': 'Nodar Siradze', 'order': 9, 'profile_path': None}, {'cast_id': 16, 'character': 'Max', 'credit_id': '52fe46759251416c910552c1', 'gender': 2, 'id': 118335, 'name': 'Aleksey Bardukov', 'order': 10, 'profile_path': '/ezzOCGtK495uiFs0Dt6fZuQFiaY.jpg'}, {'cast_id': 19, 'character': 'Lebedev', 'credit_id': '52fe46769251416c910552cd', 'gender': 0, 'id': 118337, 'name': 'Boris Tenin', 'order': 11, 'profile_path': None}, {'cast_id': 22, 'character': 'Skolsky', 'credit_id': '52fe46769251416c910552d5', 'gender': 0, 'id': 118340, 'name': 'Mikhail Trukhin', 'order': 12, 'profile_path': '/vQiNzZxpIOSweW6GxC0ULnSpipp.jpg'}]","[{'credit_id': '52fe46759251416c91055281', 'department': 'Writing', 'gender': 0, 'id': 118323, 'job': 'Writer', 'name': 'Aleksandr Chubaryan', 'profile_path': None}, {'credit_id': '52fe46759251416c9105529f', 'department': 'Directing', 'gender': 0, 'id': 118324, 'job': 'Director', 'name': 'Pavel Sanaev', 'profile_path': '/xaVl4EnMtOEyMdd7ytSkXYpQVAm.jpg'}, {'credit_id': '52fe46759251416c9105527b', 'department': 'Writing', 'gender': 0, 'id': 118324, 'job': 'Writer', 'name': 'Pavel Sanaev', 'profile_path': '/xaVl4EnMtOEyMdd7ytSkXYpQVAm.jpg'}, {'credit_id': '52fe46759251416c91055287', 'department': 'Production', 'gender': 0, 'id': 118325, 'job': 'Producer', 'name': 'Leonid Ogorodnikov', 'profile_path': None}, {'credit_id': '52fe46759251416c9105528d', 'department': 'Production', 'gender': 2, 'id': 118326, 'job': 'Producer', 'name': 'Oleg Andreyev', 'profile_path': '/d4Uf81fOL82E27dYAuP1SibW7Px.jpg'}, {'credit_id': '52fe46759251416c91055293', 'department': 'Production', 'gender': 0, 'id': 118327, 'job': 'Producer', 'name': 'Aleksei Ryazantsev', 'profile_path': None}, {'credit_id': '52fe46759251416c91055299', 'department': 'Production', 'gender': 0, 'id': 118328, 'job': 'Producer', 'name': 'Aleksandr Bondarev', 'profile_path': None}, {'credit_id': '52fe46759251416c910552a5', 'department': 'Camera', 'gender': 0, 'id': 118341, 'job': 'Camera Operator', 'name': 'Vladislav Gurtchin', 'profile_path': None}]",2294357
2645,2646,,0,"[{'id': 10749, 'name': 'Romance'}]",,tt3956312,en,同桌的妳,"In the summer of 1993, timid and shy Zhou Xiao Zhi meets her table partner. Sitting in the classroom‚Äôs infamous back row is troublemaker Lin Yi. They go through junior high, high school, and college years together. Lin Yi said to Zhou Xiaozhi: ""One day, I‚Äôll take you to a place that only belongs to us."" Fast forward ten years...",0.504,/7fC54GSyr8KyZ5FimoOqP82JpMn.jpg,"[{'name': 'Enlight Pictures', 'id': 4053}]","[{'iso_3166_1': 'CN', 'name': 'China'}]",4/25/14,0.0,"[{'iso_639_1': 'zh', 'name': '普通话'}]",Released,,My Old Classmate,,"[{'cast_id': 0, 'character': 'Zhou Xiao Zhi', 'credit_id': '54064d4d0e0a2658de00e038', 'gender': 1, 'id': 145092, 'name': 'Zhou Dongyu', 'order': 0, 'profile_path': '/fmR9dO5cxrcwk5bjENU4eNITgLi.jpg'}, {'cast_id': 8, 'character': 'Lin Yi', 'credit_id': '54078e710e0a261896001f72', 'gender': 2, 'id': 1254211, 'name': 'Lin Gengxin', 'order': 1, 'profile_path': '/uo7e4jI7cD3oCiZmXP8vJPM515G.jpg'}, {'cast_id': 6, 'character': 'Tom', 'credit_id': '54064f120e0a2658f100dc46', 'gender': 2, 'id': 1089502, 'name': 'Mike Sui', 'order': 2, 'profile_path': None}, {'cast_id': 7, 'character': 'Xiao Zhi', 'credit_id': '54064f270e0a2649e5002e12', 'gender': 0, 'id': 1173805, 'name': 'Zhang Zi-Feng', 'order': 3, 'profile_path': '/dC4zN3x9LKArz7zOcijb5A7iqDC.jpg'}]","[{'credit_id': '54064dd90e0a2658d800d8d9', 'department': 'Production', 'gender': 0, 'id': 588386, 'job': 'Producer', 'name': 'Gao Xiaosong', 'profile_path': None}, {'credit_id': '54064def0e0a2649e5002de5', 'department': 'Directing', 'gender': 0, 'id': 1100748, 'job': 'Director', 'name': 'Frant Gwo', 'profile_path': None}, {'credit_id': '54064e920e0a2658de00e054', 'department': 'Writing', 'gender': 0, 'id': 588386, 'job': 'Writer', 'name': 'Gao Xiaosong', 'profile_path': None}, {'credit_id': '54064ea90e0a264b09002c58', 'department': 'Production', 'gender': 0, 'id': 79158, 'job': 'Executive Producer', 'name': 'Yang Du', 'profile_path': None}]",76000000
2785,2786,,0,"[{'id': 14, 'name': 'Fantasy'}, {'id': 27, 'name': 'Horror'}, {'id': 878, 'name': 'Science Fiction'}, {'id': 10769, 'name': 'Foreign'}]",,tt0278675,fr,Revelation,"Since A.D. 50, a mysterious sacred artifact known as the Loculus has been at the center of a bloody clandestine war. Missing for a few hundred years, the puzzling relic has suddenly reappeared in the present day, bringing with it a terrible secret that could spell doom for all of mankind. Now it's up to Magnus Martel (Terence Stamp) to subvert a murderous secret society and uncover the truth behind the ancient treasure.",0.625099,/u1yXWb3DdcAADMtVpvjTjonHGmC.jpg,"[{'name': 'Romulus Films', 'id': 3632}, {'name': 'Cyclops Vision', 'id': 17436}, {'name': 'Miracle Communications Ltd.', 'id': 22929}]","[{'iso_3166_1': 'GB', 'name': 'United Kingdom'}]",4/12/01,0.0,,Released,,Revelation,,"[{'cast_id': 1, 'character': 'Jake Martel', 'credit_id': '52fe4981c3a36847f819d967', 'gender': 2, 'id': 19655, 'name': ""James D'Arcy"", 'order': 0, 'profile_path': '/geQAp8kKkMDXE5iCcC3rf7z4Fx3.jpg'}, {'cast_id': 2, 'character': 'Mira', 'credit_id': '52fe4981c3a36847f819d96b', 'gender': 1, 'id': 11277, 'name': 'Natasha Wightman', 'order': 1, 'profile_path': '/v2VZP1K0SY9z3XSUfufaNSRk6Lz.jpg'}, {'cast_id': 3, 'character': 'Magnus Martel', 'credit_id': '52fe4981c3a36847f819d96f', 'gender': 2, 'id': 28641, 'name': 'Terence Stamp', 'order': 2, 'profile_path': '/fyGkLjgVfyKIPBaMQs5Df3gMuOV.jpg'}, {'cast_id': 4, 'character': ""Lord Martel's PA"", 'credit_id': '52fe4981c3a36847f819d973', 'gender': 0, 'id': 201871, 'name': 'Charlotte Weston', 'order': 3, 'profile_path': None}, {'cast_id': 5, 'character': 'The Grand Master', 'credit_id': '52fe4981c3a36847f819d977', 'gender': 2, 'id': 1646, 'name': 'Udo Kier', 'order': 4, 'profile_path': '/sTNpaKOBNi7WUJw7jPDrsbGAL4O.jpg'}, {'cast_id': 14, 'character': 'Father Ray Connolly', 'credit_id': '566438099251412aca008655', 'gender': 2, 'id': 15498, 'name': 'Liam Cunningham', 'order': 5, 'profile_path': '/8RMX0M8AEaldVAC6WUJIViUdDkm.jpg'}, {'cast_id': 15, 'character': 'Sir Isaac Newton', 'credit_id': '56643834c3a3682bd2008413', 'gender': 2, 'id': 41236, 'name': 'Ron Moody', 'order': 6, 'profile_path': '/hpUKfk3xjTaRJXj4aaOVcvP2wU0.jpg'}, {'cast_id': 16, 'character': 'Librarian', 'credit_id': '566438569251412d7b008203', 'gender': 2, 'id': 937, 'name': 'Derek Jacobi', 'order': 7, 'profile_path': '/jJ4MkVS59gCfJhWMfLTbeHKjoyC.jpg'}, {'cast_id': 17, 'character': 'Cardeal Chisamba', 'credit_id': '5664392d9251412ad3008251', 'gender': 2, 'id': 2246, 'name': 'Earl Cameron', 'order': 8, 'profile_path': '/4bDKeRU96RxpJ2Uv8x2yrjCmGks.jpg'}]","[{'credit_id': '52fe4981c3a36847f819d97d', 'department': 'Directing', 'gender': 0, 'id': 133210, 'job': 'Director', 'name': 'Stuart Urban', 'profile_path': None}, {'credit_id': '5368d67bc3a3681212005f47', 'department': 'Writing', 'gender': 0, 'id': 133210, 'job': 'Writer', 'name': 'Stuart Urban', 'profile_path': None}, {'credit_id': '5368d69ac3a3681212005f4b', 'department': 'Production', 'gender': 0, 'id': 133210, 'job': 'Producer', 'name': 'Stuart Urban', 'profile_path': None}, {'credit_id': '5368d6b0c3a3681218005e9e', 'department': 'Production', 'gender': 2, 'id': 1317084, 'job': 'Producer', 'name': 'Jonathan Woolf', 'profile_path': None}, {'credit_id': '5368d6c5c3a3681226005eca', 'department': 'Production', 'gender': 1, 'id': 10496, 'job': 'Casting', 'name': 'Debbie McWilliams', 'profile_path': None}, {'credit_id': '5368d6eec3a3681226005ed3', 'department': 'Camera', 'gender': 2, 'id': 57585, 'job': 'Director of Photography', 'name': 'Sam McCurdy', 'profile_path': None}, {'credit_id': '5368d703c3a3681212005f55', 'department': 'Sound', 'gender': 0, 'id': 4019, 'job': 'Music', 'name': 'Edmund Butt', 'profile_path': None}, {'credit_id': '5368d71bc3a36812410062d6', 'department': 'Costume & Make-Up', 'gender': 0, 'id': 1317085, 'job': 'Costume Design', 'name': 'John Krausa', 'profile_path': None}]",10000000
2865,2866,"[{'id': 188197, 'name': 'Cetto La Qualunque - Collezione', 'poster_path': '/kDrDEoSGTDo7tVd4QOOtKxIe9gz.jpg', 'backdrop_path': '/u6PrL2x3dU8cZNgDNl0qzb5hpJA.jpg'}]",5579750,"[{'id': 35, 'name': 'Comedy'}]",,tt2456720,it,Tutto tutto niente niente,,2.2089060000000003,/o5kFD5Xw5kTEiDrdnJJXOXy2jaI.jpg,"[{'name': 'Fandango', 'id': 2441}, {'name': 'Rai Cinema', 'id': 2683}]","[{'iso_3166_1': 'IT', 'name': 'Italy'}]",11/30/12,0.0,"[{'iso_639_1': 'it', 'name': 'Italiano'}]",Released,,Tutto tutto niente niente,"[{'id': 8201, 'name': 'satire'}, {'id': 33501, 'name': 'political'}, {'id': 169086, 'name': 'political satire'}]","[{'cast_id': 1, 'character': 'Cetto La Qualunque / Rodolfo Favaretto / Frengo Stoppato', 'credit_id': '52fe4c48c3a36847f82269a7', 'gender': 2, 'id': 73864, 'name': 'Antonio Albanese', 'order': 0, 'profile_path': '/uVuEQbuZfMDp5Js0JlXqB4SZzph.jpg'}, {'cast_id': 2, 'character': 'Sottosegretario', 'credit_id': '52fe4c48c3a36847f82269ab', 'gender': 1, 'id': 121732, 'name': 'Fabrizio Bentivoglio', 'order': 1, 'profile_path': '/uODahcGkpEJJNPPZNw06ET5V9d5.jpg'}, {'cast_id': 3, 'character': 'Avvocato di Cetto', 'credit_id': '52fe4c48c3a36847f82269af', 'gender': 0, 'id': 129069, 'name': 'Federico Torre', 'order': 2, 'profile_path': '/gDtmVDPfo3YnVoDgwS892l0nR7Y.jpg'}, {'cast_id': 4, 'character': 'Presidente del Consiglio', 'credit_id': '52fe4c48c3a36847f82269b3', 'gender': 2, 'id': 27433, 'name': 'Paolo Villaggio', 'order': 3, 'profile_path': '/uo8ymggIqWIzCvldrh7fkG4pfV1.jpg'}, {'cast_id': 6, 'character': 'Mamma di Frengo', 'credit_id': '55cb54c89251412215001bf9', 'gender': 0, 'id': 124619, 'name': 'Lunetta Savino', 'order': 4, 'profile_path': '/3ZKTuTGF2QoFLrUvQLZ6mRSjtTE.jpg'}, {'cast_id': 7, 'character': 'Muto', 'credit_id': '55cb54ecc3a3687694001e79', 'gender': 0, 'id': 128752, 'name': 'Vito', 'order': 5, 'profile_path': '/mAFv5FzxoYGBjaoSp8R4nZ6MldP.jpg'}, {'cast_id': 8, 'character': 'Geometra', 'credit_id': '55cb5525925141220e001ea1', 'gender': 0, 'id': 1496177, 'name': 'Massimo Cagnina', 'order': 6, 'profile_path': '/ubD8neHTvpY7CL2AK5djGMEGovO.jpg'}, {'cast_id': 9, 'character': 'Imprenditore', 'credit_id': '55cb5541c3a3687687001f9b', 'gender': 2, 'id': 120656, 'name': 'Luigi Maria Burruano', 'order': 7, 'profile_path': '/suIrkyHXqiDznIghp4cZq0LR7Gf.jpg'}, {'cast_id': 10, 'character': 'Prete per le udienze del Papa', 'credit_id': '55cb5567c3a3687684001d61', 'gender': 2, 'id': 1133330, 'name': 'Maximilian Dirr', 'order': 8, 'profile_path': '/cSqeIqYrZOkrfSkRS4BpDSaVaFj.jpg'}, {'cast_id': 11, 'character': 'Carmen La Qualunque', 'credit_id': '55cb557b925141220a001dcb', 'gender': 0, 'id': 226832, 'name': 'Lorenza Indovina', 'order': 9, 'profile_path': '/dS3iJvF9DkOY7eIhGi8EOLFVuiE.jpg'}, {'cast_id': 12, 'character': 'Ragioniere', 'credit_id': '55cb5594925141220a001dcd', 'gender': 0, 'id': 68163, 'name': 'Alfonso Postiglione', 'order': 10, 'profile_path': '/uBesn92EoqwwAnZG0TaaXsV7dAA.jpg'}, {'cast_id': 13, 'character': 'Pino', 'credit_id': '55cb55c9c3a3687687001fa5', 'gender': 0, 'id': 1026959, 'name': 'Nicola Rignanese', 'order': 11, 'profile_path': '/1iBBkL2TBh2gRzTmVsUmAIJDnNT.jpg'}, {'cast_id': 14, 'character': 'Escort', 'credit_id': '55cb55dbc3a368181c000ecd', 'gender': 0, 'id': 128464, 'name': 'Clizia Fornasier', 'order': 12, 'profile_path': '/mepkveakhtsZrYSmjfmZPiO3c3C.jpg'}, {'cast_id': 15, 'character': 'Melo La Qualunque', 'credit_id': '55cb5609c3a368768f001e5f', 'gender': 0, 'id': 1496178, 'name': 'Davide Giordano', 'order': 13, 'profile_path': '/dF4RMEW94HrEjy49nR8zstDD929.jpg'}, {'cast_id': 16, 'character': 'Gianna Favaretto', 'credit_id': '55cb5624c3a368769b001cf9', 'gender': 0, 'id': 239941, 'name': 'Manuela Ungaro', 'order': 14, 'profile_path': None}, {'cast_id': 17, 'character': 'Fredo', 'credit_id': '55cb563b9251412208001f75', 'gender': 0, 'id': 1496179, 'name': ""Pierantonio 'Noki' Novara"", 'order': 15, 'profile_path': None}, {'cast_id': 18, 'character': 'Maria Assunta Maddalena', 'credit_id': '55cb5651c3a3687684001d80', 'gender': 0, 'id': 1496180, 'name': 'Viviana Strambelli', 'order': 16, 'profile_path': '/8gnlcUpvHCfWNaOScKuw57qpUwV.jpg'}, {'cast_id': 19, 'character': 'Zia di Frengo', 'credit_id': '55cb5664c3a368768a001efc', 'gender': 1, 'id': 228756, 'name': 'Alessandra Sarno', 'order': 17, 'profile_path': '/qpskeXJY4TVZr7vAigWTavOOvJM.jpg'}, {'cast_id': 20, 'character': 'Chantalle', 'credit_id': '55cb5676c3a3687687001fb3', 'gender': 0, 'id': 1496181, 'name': 'Angelique Cavallari', 'order': 18, 'profile_path': '/eAfICjasYqyuLZBOMV4YQ28Otm1.jpg'}, {'cast_id': 21, 'character': 'Vescovo', 'credit_id': '55cb56879251412203001f70', 'gender': 2, 'id': 73873, 'name': 'Teco Celio', 'order': 19, 'profile_path': '/qOG3pBCiCYvlrQdrl8M74CRZnUt.jpg'}, {'cast_id': 22, 'character': 'Teologo', 'credit_id': '55cb569bc3a368769f001d68', 'gender': 0, 'id': 543583, 'name': 'Bob Messini', 'order': 20, 'profile_path': '/602kR3FxocsuNVWGbfjd9hxAjGy.jpg'}, {'cast_id': 23, 'character': 'Suor Daniela', 'credit_id': '55cb56b1925141220e001ecc', 'gender': 0, 'id': 1496182, 'name': 'Francesca Nerozzi', 'order': 21, 'profile_path': '/hSkd4FkStADI3Ip7Zg9QTknr7LO.jpg'}]","[{'credit_id': '52fe4c48c3a36847f82269b9', 'department': 'Directing', 'gender': 0, 'id': 223965, 'job': 'Director', 'name': 'Giulio Manfredonia', 'profile_path': None}]",8927600
